Workbook
Name DropdownRange_0: ValidationDataSheet!$A$1:$A$2
Name DropdownRange_1: ValidationDataSheet!$B$1:$B$7
Name DropdownRange_2: ValidationDataSheet!$C$1:$C$9
Name DropdownRange_3: ValidationDataSheet!$D$1:$D$2
Name DropdownRange_4: ValidationDataSheet!$E$1:$E$2
Name DropdownRange_5: ValidationDataSheet!$F$1:$F$4
Name DropdownRange_6: ValidationDataSheet!$G$1:$G$4

Sheet Instruções aqui
A1: Instruções importantes sobre o modelo de recomendações de ofertas especiais
A2: 1. Use este modelo pré-preenchido de recomendações de ofertas especiais para agendar ofertas especiais recomendadas pela Amazon, fornecendo apenas os atributos mínimos, como o agendamento da oferta especial. Recomendamos verificar os dados pré-preenchidos para garantir que você está criando ofertas especiais para os produtos e lojas corretos. 2. Você não pode criar ofertas especiais para produtos que estejam fora das recomendações de ofertas especiais da Amazon usando este modelo. Caso contrário, ocorrerão erros. 3. Com este modelo pré-preenchido, é possível agendar ofertas especiais para vários sites de uma só vez. Se houver recomendações de ofertas especiais para múltiplos sites, forneça as informações correspondentes nas colunas específicas de cada site. 4. As quatro primeiras colunas deste modelo são comuns a todos os sites. Elas são pré-preenchidas e servem apenas como referência. Pré-preenchemos para você os seguintes campos: “SKU” (identificador exclusivo do vendedor para um produto), “Participando”, “Preço do vendedor”, “Preço da Oferta especial” e “Unidades comprometidas”. “Agendamento de oferta especial” deve ser definido no nível da família de variações e não deve ser alterado. 5. O SKU (se vários códigos SKU estiverem disponíveis para um ASIN), “Participando”, “Agendamento”, “Data de início”, “Data de término”, “Preço da oferta especial” e “Unidades comprometidas” podem ser editados (destacados em verde). As demais colunas não são editáveis (destacadas em cinza). Todos os valores pré-preenchidos são gerados no momento do download do arquivo Excel e não serão atualizados em tempo real. 6. A data de início e a data de término podem ser configuradas apenas para Melhores ofertas. As datas devem ser contínuas, por exemplo, 1º de junho a 10 de junho. Atenção: não é possível configurar data de início e data de término para eventos específicos, por exemplo, Prime Day, nem para Ofertas relâmpago. Qualquer inclusão de datas será ignorada. 7. O SKU (se vários códigos SKU estiverem disponíveis para um ASIN), “Participando”, “Agendamento”, “Preço da oferta especial” e “Unidades comprometidas” podem ser editados (destacados em verde). As demais colunas não são editáveis (destacadas em cinza). Todos os valores pré-preenchidos são gerados no momento do download do arquivo Excel e não serão atualizados em tempo real. 8. Quando o arquivo estiver pronto, faça o upload na página “Gerenciar em massa”. 9. Tarifas: a Amazon cobra tarifas para executar ofertas especiais em determinados países (EUA, Canadá, Reino Unido, Alemanha, França, Itália, Espanha e Japão). Se você decidir criar uma oferta especial em um país onde há cobrança de tarifa, será cobrado por cada Oferta Relâmpago ou Melhor oferta enviada e executada com sucesso. A tarifa é exibida durante o fluxo de trabalho de criação da oferta especial e pode ser visualizada na página Gerenciar ofertas especiais no Seller Central para cada oferta especial criada. Para obter mais informações sobre as tarifas de ofertas especiais, acesse nossa página de Ajuda https://sellercentral.amazon.com/help/hub/reference/G202111590
A3: Como usar este arquivo
A4: 1. Consulte a guia “Definições de dados” neste arquivo para saber para que os atributos são usados, quais atributos são necessários, quais são os valores aceitáveis para cada atributo e as definições de dados. Ela contém a definição dos dados a serem fornecidos em cada uma das colunas. 2. Adicione suas informações somente na guia “Recomendações de oferta especial - Modelo”. 3. Menus suspensos: alguns campos têm menus suspensos com listas de valores válidos para escolher. Para alguns desses campos, você deve selecionar um valor no menu suspenso. Você não pode digitar seu próprio valor, mesmo que ele seja válido. Se receber um erro, limpe o campo e escolha um valor no menu suspenso. Você também pode editar as células realçadas em verde para fornecer seus próprios valores. 4. Você deve fornecer um valor nas colunas obrigatórias para que suas ofertas especiais sejam processadas com êxito pela Amazon. 5. Campos cinza: alguns campos podem estar preenchidos com um fundo cinza. Você não precisa preencher esses campos, e isso pode gerar erros ao fazer upload desse arquivo. Eles servem apenas para sua referência.
A5: Informações importantes
A6: As recomendações de ofertas especiais são atualizadas toda segunda-feira. Para obter as recomendações mais recentes de produtos para agendamento de ofertas especiais, faça download de um novo arquivo sempre que for processar
A7: Dicas para evitar erros ao agendar ofertas
A8: 1. Colunas: não duplique nem exclua colunas. 2. Renomear folhas ou guias: não faça isso, pois usamos os nomes para reconhecer diferentes tipos de informações. 3. Usar o Microsoft Excel: outros softwares podem não ser compatíveis com determinadas funcionalidades. 4. Copiar e colar: copiar e colar em uma coluna com um menu suspenso substitui a configuração do menu suspenso. Se você colar um valor que não está em um menu suspenso, isso poderá causar problemas ao fazer upload do arquivo.
A9: Como usar o Resumo de processamento para resolver erros
A10: 1. É possível fazer download do resumo de processamento na página “Gerenciar em massa”, na guia Uploads, quando a opção de download estiver habilitada. O resumo de processamento contará com 4 guias: 1. Instruções 2. Definições de dados 3. Modelo de recomendações de ofertas especiais 4. Planilha de erros 2. Use o resumo de processamento para revisar primeiro a planilha de erros, que contém todos os códigos ASIN que não foram agendados para ofertas especiais, juntamente com o resumo dos erros. Códigos ASIN que não foram incluídos na planilha de erros foram enviados com sucesso (isso não significa necessariamente que foram criados). 3. A alteração de códigos ASIN que já estão agendados para ofertas especiais (ou que não aparecem na planilha de erros) não é permitida com este modelo. Para alterar esses códigos ASIN, acesse a página “Gerenciar ofertas especiais” no Seller Central. 4. O resumo de processamento pode ser usado como um arquivo de criação de ofertas especiais. Corrija os erros específicos dos códigos ASIN fazendo as alterações necessárias na guia “Modelo de recomendações de ofertas especiais”. Quando o arquivo estiver pronto, faça o upload pela página “Gerenciar em massa” para criar as ofertas especiais.

Sheet Definições de dados
A1: Como preencher o modelo de recomendações de ofertas especiais
A2: Nome da coluna | B2: Definição e uso | C2: Valores aceitos | D2: Exemplo | E2: Obrigatório?
A3: ASIN em destaque | B3: Um ASIN em destaque é um ASIN disponível para compra representativo dentro de uma família de variações. No modelo, as famílias de variações são agrupadas no nível do ASIN em destaque e são destacadas com a cor cinza. Se não houver variação, o ASIN em destaque será o mesmo que o ASIN da oferta especial. | C3: Pré-preenchido apenas como referência. Nenhuma entrada necessária | D3: B007KQBXN0 | E3: Não editável
A4: ASIN da oferta especial | B4: Um ASIN recomendado para oferta especial | C4: Pré-preenchido apenas como referência. Nenhuma entrada necessária | D4: ASIN324 | E4: Não editável
A5: Nome do produto | B5: Título do produto da Amazon para o ASIN recomendado | C5: Pré-preenchido apenas como referência. Nenhuma entrada necessária | D5: Amazon Essentials Suéter masculino de algodão com zíper completo | E5: Não editável
A6: Tipo de oferta especial | B6: Especifique o tipo de oferta especial recomendada pela Amazon para o ASIN | C6: Pré-preenchido apenas como referência. Nenhuma entrada necessária | D6: Melhores ofertas | E6: Não editável
A7: SKU | B7: Número do SKU (Unidade de manutenção de estoque) definido pelo vendedor. | C7: Pré-preenchido. Porém, se houver múltiplos códigos SKU para um ASIN, os valores de SKU poderão ser selecionados no menu suspenso | D7: SKU1234 | E7: Obrigatório
A8: Participando | B8: O campo “Participando” determina se o ASIN será incluído nas ofertas especiais ou não | C8: Pré-preenchido como “Sim”. Se algum dos códigos ASIN precisar ser excluído do agendamento de ofertas especiais, selecione “Não” no menu suspenso | D8: Sim ou Não | E8: Obrigatório
A9: Agendamento | B9: Este campo indica o período em que a oferta especial está agendada para ser executada. O agendamento de ofertas especiais pode ser feito apenas no nível da família de variações, e os nomes de eventos serão destacados na semana correspondente, se aplicável | C9: Selecione um valor na lista suspensa | D9: Personalizado ou evento | E9: Obrigatório
A10: Data de início (AAAA-MM-DD) | B10: Este campo determina a data de início da oferta especial | C10: Insira a data de início no formato: AAAA-MM-DD dentro do intervalo especificado na coluna de agendamento. Melhores ofertas podem ser agendadas por no mínimo 1 dia e no máximo 14 dias. | D10: 2025-06-21 | E10: Obrigatório
A11: Data de término (AAAA-MM-DD) | B11: Esse campo determina a data de término da oferta especial | C11: Insira a data de término no formato: AAAA-MM-DD dentro do intervalo especificado na coluna de agendamento. Melhores ofertas podem ser agendadas por no mínimo 1 dia e no máximo 14 dias. | D11: 2025-06-30 | E11: Obrigatório
A12: Preço do vendedor | B12: Preço pelo qual você oferece o produto à venda. | C12: Pré-preenchido apenas como referência. Nenhuma entrada necessária | D12: 100 | E12: Não editável
A13: Preço da Oferta especial | B13: O preço da Oferta especial para um ASIN é recomendado pela Amazon e calculado com base nos limites definidos para cada tipo de oferta especial | C13: Pré-preenchido. Revise os dados e altere, se necessário | D13: 100 | E13: Obrigatório
... A15: Quantidade do vendedor | B15: Contagem atual de inventário do ASIN recomendado para a oferta especial, considerando o canal de logística. O valor é gerado no momento do download e não é atualizado em tempo real | C15: Pré-preenchido apenas como referência. Nenhuma entrada necessária | D15: 80 | E15: Não editável

Sheet Modelo de recomendações de ofer
A1: {locale:"pt-BR",types:{'Melhor oferta':"BEST_DEAL",'Oferta Relâmpago':"LIGHTNING_DEAL"},marketplaces:{A2Q3Y263D00KWC:526970},schedules:{'A2Q3Y263D00KWC-Mega Ofertas Prime Day (2026-10-05 - 2026-10-11)':{start_date:"2026-10-05",end_date:"2026-10-11",event_id:"amzn1.ww-events.subEvent.v1.b4f8ebc6-f9b2-48f1-a3ed-1cb9e6399daf",event_name:"Prime Big Deal Days/2026/BR"},'A2Q3Y263D00KWC-Black Friday e Cyber Monday (2026-11-19 - 2026-11-30)':{start_date:"2026-11-19",end_date:"2026-11-30",event_id:"amzn1.ww-events.subEvent.v1.a5cbc632-14e3-46e9-8151-d86d91d52f51",event_name:"Black Friday/2026/BR"},'A2Q3Y263D00KWC-seg. (2026-09-21 - 2026-09-27)':{start_date:"2026-09-21",end_date:"2026-09-27"},'A2Q3Y263D00KWC-seg. (2026-09-28 - 2026-10-04)':{start_date:"2026-09-28",end_date:"2026-10-04"},'A2Q3Y263D00KWC-seg. (2026-10-12 - 2026-10-18)':{start_date:"2026-10-12",end_date:"2026-10-18"},'A2Q3Y263D00KWC-seg. (2026-10-19 - 2026-10-25)':{start_date:"2026-10-19",end_date:"2026-10-25"},'A2Q3Y263D00KWC-seg. (2026-10-26 - 2026-11-01)':{start_date:"2026-10-26",end_date:"2026-11-01"},'A2Q3Y263D00KWC-seg. (2026-11-02 - 2026-11-08)':{start_date:"2026-11-02",end_date:"2026-11-08"},'A2Q3Y263D00KWC-seg. (2026-11-09 - 2026-11-15)':{start_date:"2026-11-09",end_date:"2026-11-15"}},lookup:{schedule:[{schedule:"Personalizado - (2026-09-21 - 2026-10-04)",start_date:"2026-09-21",end_date:"2026-10-04"},{schedule:"Personalizado - (2026-10-12 - 2026-11-17)",start_date:"2026-10-12",end_date:"2026-10-25"},{schedule:"Mega Ofertas Prime Day (2026-10-05 - 2026-10-11)",start_date:"N/A",end_date:"N/A"},{schedule:"Black Friday e Cyber Monday (2026-11-19 - 2026-11-30)",start_date:"N/A",end_date:"N/A"},{schedule:"seg. (2026-09-21 - 2026-09-27)",start_date:"N/A",end_date:"N/A"},{schedule:"seg. (2026-09-28 - 2026-10-04)",start_date:"N/A",end_date:"N/A"},{schedule:"Mega Ofertas Prime Day (2026-10-05 - 2026-10-11)",start_date:"N/A",end_date:"N/A"},{schedule:"seg. (2026-10-12 - 2026-10-18)",start_date:"N/A",end_date:"N/A"},{schedule:"seg. (2026-10-19 - 2026-10-25)",start_date:"N/A",end_date:"N/A"},{schedule:"seg. (2026-10-26 - 2026-11-01)",start_date:"N/A",end_date:"N/A"},{schedule:"seg. (2026-11-02 - 2026-11-08)",start_date:"N/A",end_date:"N/A"},{schedule:"seg. (2026-11-09 - 2026-11-15)",start_date:"N/A",end_date:"N/A"},{schedule:"Black Friday e Cyber Monday (2026-11-19 - 2026-11-30)",start_date:"N/A",end_date:"N/A"},{schedule:"Personalizado - (2026-09-19 - 2026-10-04)",start_date:"2026-09-19",end_date:"2026-10-02"},{schedule:"Personalizado - (2026-10-12 - 2026-11-17)",start_date:"2026-10-12",end_date:"2026-10-25"},{schedule:"Mega Ofertas Prime Day (2026-10-05 - 2026-10-11)",start_date:"N/A",end_date:"N/A"},{schedule:"Black Friday e Cyber Monday (2026-11-19 - 2026-11-30)",start_date:"N/A",end_date:"N/A"},{schedule:"seg. (2026-09-21 - 2026-09-27)",start_date:"N/A",end_date:"N/A"},{schedule:"seg. (2026-09-28 - 2026-10-04)",start_date:"N/A",end_date:"N/A"},{schedule:"Mega Ofertas Prime Day (2026-10-05 - 2026-10-11)",start_date:"N/A",end_date:"N/A"},{schedule:"seg. (2026-10-12 - 2026-10-18)",start_date:"N/A",end_date:"N/A"},{schedule:"seg. (2026-10-19 - 2026-10-25)",start_date:"N/A",end_date:"N/A"},{schedule:"seg. (2026-10-26 - 2026-11-01)",start_date:"N/A",end_date:"N/A"},{schedule:"seg. (2026-11-02 - 2026-11-08)",start_date:"N/A",end_date:"N/A"},{schedule:"seg. (2026-11-09 - 2026-11-15)",start_date:"N/A",end_date:"N/A"},{schedule:"Black Friday e Cyber Monday (2026-11-19 - 2026-11-30)",start_date:"N/A",end_date:"N/A"},{schedule:"Personalizado - (2026-09-21 - 2026-10-04)",start_date:"2026-09-21",end_date:"2026-10-04"},{schedule:"Personalizado - (2026-10-12 - 2026-11-17)",start_date:"2026-10-12",end_date:"2026-10-25"},{schedule:"Mega Ofertas Prime Day (2026-10-05 - 2026-10-11)",start_date:"N/A",end_date:"N/A"},{schedule:"Black Friday e Cyber Monday (2026-11-19 - 2026-11-30)",start_date:"N/A",end_date:"N/A"},{schedule:"seg. (2026-09-21 - 2026-09-27)",start_date:"N/A",end_date:"N/A"},{schedule:"seg. (2026-09-28 - 2026-10-04)",start_date:"N/A",end_date:"N/A"},{schedule:"Mega Ofertas Prime Day (2026-10-05 - 2026-10-11)",start_date:"N/A",end_date:"N/A"},{schedule:"seg. (2026-10-12 - 2026-10-18)",start_date:"N/A",end_date:"N/A"},{schedule:"seg. (2026-10-19 - 2026-10-25)",start_date:"N/A",end_date:"N/A"},{schedule:"seg. (2026-10-26 - 2026-11-01)",start_date:"N/A",end_date:"N/A"},{schedule:"seg. (2026-11-02 - 2026-11-08)",start_date:"N/A",end_date:"N/A"},{schedule:"seg. (2026-11-09 - 2026-11-15)",start_date:"N/A",end_date:"N/A"},{schedule:"Black Friday e Cyber Monday (2026-11-19 - 2026-11-30)",start_date:"N/A",end_date:"N/A"},{schedule:"Personalizado - (2026-09-21 - 2026-10-04)",start_date:"2026-09-21",end_date:"2026-10-04"},{schedule:"Personalizado - (2026-10-12 - 2026-11-17)",start_date:"2026-10-12",end_date:"2026-10-25"},{schedule:"seg. (2026-09-21 - 2026-09-27)",start_date:"N/A",end_date:"N/A"},{schedule:"seg. (2026-09-28 - 2026-10-04)",start_date:"N/A",end_date:"N/A"},{schedule:"seg. (2026-10-12 - 2026-10-18)",start_date:"N/A",end_date:"N/A"},{schedule:"seg. (2026-10-19 - 2026-10-25)",start_date:"N/A",end_date:"N/A"},{schedule:"seg. (2026-10-26 - 2026-11-01)",start_date:"N/A",end_date:"N/A"},{schedule:"seg. (2026-11-02 - 2026-11-08)",start_date:"N/A",end_date:"N/A"},{schedule:"seg. (2026-11-09 - 2026-11-15)",start_date:"N/A",end_date:"N/A"},{schedule:"Personalizado - (2026-09-19 - 2026-10-04)",start_date:"2026-09-19",end_date:"2026-10-02"},{schedule:"Personalizado - (2026-10-12 - 2026-11-17)",start_date:"2026-10-12",end_date:"2026-10-25"},{schedule:"seg. (2026-09-21 - 2026-09-27)",start_date:"N/A",end_date:"N/A"},{schedule:"seg. (2026-09-28 - 2026-10-04)",start_date:"N/A",end_date:"N/A"},{schedule:"seg. (2026-10-12 - 2026-10-18)",start_date:"N/A",end_date:"N/A"},{schedule:"seg. (2026-10-19 - 2026-10-25)",start_date:"N/A",end_date:"N/A"},{schedule:"seg. (2026-10-26 - 2026-11-01)",start_date:"N/A",end_date:"N/A"},{schedule:"seg. (2026-11-02 - 2026-11-08)",start_date:"N/A",end_date:"N/A"},{schedule:"seg. (2026-11-09 - 2026-11-15)",start_date:"N/A",end_date:"N/A"},{schedule:"Personalizado - (2026-09-19 - 2026-10-04)",start_date:"2026-09-19",end_date:"2026-10-02"},{schedule:"Personalizado - (2026-10-12 - 2026-11-17)",start_date:"2026-10-12",end_date:"2026-10-25"},{schedule:"seg. (2026-09-21 - 2026-09-27)",start_date:"N/A",end_date:"N/A"},{schedule:"seg. (2026-09-28 - 2026-10-04)",start_date:"N/A",end_date:"N/A"},{schedule:"seg. (2026-10-12 - 2026-10-18)",start_date:"N/A",end_date:"N/A"},{schedule:"seg. (2026-10-19 - 2026-10-25)",start_date:"N/A",end_date:"N/A"},{schedule:"seg. (2026-10-26 - 2026-11-01)",start_date:"N/A",end_date:"N/A"},{schedule:"seg. (2026-11-02 - 2026-11-08)",start_date:"N/A",end_date:"N/A"},{schedule:"seg. (2026-11-09 - 2026-11-15)",start_date:"N/A",end_date:"N/A"},{schedule:"Personalizado - (2026-09-19 - 2026-10-04)",start_date:"2026-09-19",end_date:"2026-10-02"},{schedule:"Personalizado - (2026-10-12 - 2026-11-17)",start_date:"2026-10-12",end_date:"2026-10-25"},{schedule:"seg. (2026-09-21 - 2026-09-27)",start_date:"N/A",end_date:"N/A"},{schedule:"seg. (2026-09-28 - 2026-10-04)",start_date:"N/A",end_date:"N/A"},{schedule:"seg. (2026-10-12 - 2026-10-18)",start_date:"N/A",end_date:"N/A"},{schedule:"seg. (2026-10-19 - 2026-10-25)",start_date:"N/A",end_date:"N/A"},{schedule:"seg. (2026-10-26 - 2026-11-01)",start_date:"N/A",end_date:"N/A"},{schedule:"seg. (2026-11-02 - 2026-11-08)",start_date:"N/A",end_date:"N/A"},{schedule:"seg. (2026-11-09 - 2026-11-15)",start_date:"N/A",end_date:"N/A"},{schedule:"Personalizado - (2026-09-21 - 2026-10-04)",start_date:"2026-09-21",end_date:"2026-10-04"},{schedule:"Personalizado - (2026-10-12 - 2026-11-17)",start_date:"2026-10-12",end_date:"2026-10-25"},{schedule:"seg. (2026-09-21 - 2026-09-27)",start_date:"N/A",end_date:"N/A"},{schedule:"seg. (2026-09-28 - 2026-10-04)",start_date:"N/A",end_date:"N/A"},{schedule:"seg. (2026-10-12 - 2026-10-18)",start_date:"N/A",end_date:"N/A"},{schedule:"seg. (2026-10-19 - 2026-10-25)",start_date:"N/A",end_date:"N/A"},{schedule:"seg. (2026-10-26 - 2026-11-01)",start_date:"N/A",end_date:"N/A"},{schedule:"seg. (2026-11-02 - 2026-11-08)",start_date:"N/A",end_date:"N/A"},{schedule:"seg. (2026-11-09 - 2026-11-15)",start_date:"N/A",end_date:"N/A"},{schedule:"Personalizado - (2026-09-19 - 2026-10-04)",start_date:"2026-09-19",end_date:"2026-10-02"},{schedule:"Personalizado - (2026-10-12 - 2026-11-17)",start_date:"2026-10-12",end_date:"2026-10-25"},{schedule:"seg. (2026-09-21 - 2026-09-27)",start_date:"N/A",end_date:"N/A"},{schedule:"seg. (2026-09-28 - 2026-10-04)",start_date:"N/A",end_date:"N/A"},{schedule:"seg. (2026-10-12 - 2026-10-18)",start_date:"N/A",end_date:"N/A"},{schedule:"seg. (2026-10-19 - 2026-10-25)",start_date:"N/A",end_date:"N/A"},{schedule:"seg. (2026-10-26 - 2026-11-01)",start_date:"N/A",end_date:"N/A"},{schedule:"seg. (2026-11-02 - 2026-11-08)",start_date:"N/A",end_date:"N/A"},{schedule:"seg. (2026-11-09 - 2026-11-15)",start_date:"N/A",end_date:"N/A"},{schedule:"Personalizado - (2026-09-19 - 2026-10-04)",start_date:"2026-09-19",end_date:"2026-10-02"},{schedule:"Personalizado - (2026-10-12 - 2026-11-17)",start_date:"2026-10-12",end_date:"2026-10-25"},{schedule:"seg. (2026-09-21 - 2026-09-27)",start_date:"N/A",end_date:"N/A"},{schedule:"seg. (2026-09-28 - 2026-10-04)",start_date:"N/A",end_date:"N/A"},{schedule:"seg. (2026-10-12 - 2026-10-18)",start_date:"N/A",end_date:"N/A"},{schedule:"seg. (2026-10-19 - 2026-10-25)",start_date:"N/A",end_date:"N/A"},{schedule:"seg. (2026-10-26 - 2026-11-01)",start_date:"N/A",end_date:"N/A"},{schedule:"seg. (2026-11-02 - 2026-11-08)",start_date:"N/A",end_date:"N/A"},{schedule:"seg. (2026-11-09 - 2026-11-15)",start_date:"N/A",end_date:"N/A"},{schedule:"Personalizado - (2026-09-19 - 2026-10-04)",start_date:"2026-09-19",end_date:"2026-10-02"},{schedule:"Personalizado - (2026-10-12 - 2026-11-17)",start_date:"2026-10-12",end_date:"2026-10-25"},{schedule:"seg. (2026-09-21 - 2026-09-27)",start_date:"N/A",end_date:"N/A"},{schedule:"seg. (2026-09-28 - 2026-10-04)",start_date:"N/A",end_date:"N/A"},{schedule:"seg. (2026-10-12 - 2026-10-18)",start_date:"N/A",end_date:"N/A"},{schedule:"seg. (2026-10-19 - 2026-10-25)",start_date:"N/A",end_date:"N/A"},{schedule:"seg. (2026-10-26 - 2026-11-01)",start_date:"N/A",end_date:"N/A"},{schedule:"seg. (2026-11-02 - 2026-11-08)",start_date:"N/A",end_date:"N/A"},{schedule:"seg. (2026-11-09 - 2026-11-15)",start_date:"N/A",end_date:"N/A"},{schedule:"Personalizado - (2026-09-21 - 2026-10-04)",start_date:"2026-09-21",end_date:"2026-10-04"},{schedule:"Personalizado - (2026-10-12 - 2026-11-17)",start_date:"2026-10-12",end_date:"2026-10-25"},{schedule:"seg. (2026-09-21 - 2026-09-27)",start_date:"N/A",end_date:"N/A"},{schedule:"seg. (2026-09-28 - 2026-10-04)",start_date:"N/A",end_date:"N/A"},{schedule:"seg. (2026-10-12 - 2026-10-18)",start_date:"N/A",end_date:"N/A"},{schedule:"seg. (2026-10-19 - 2026-10-25)",start_date:"N/A",end_date:"N/A"},{schedule:"seg. (2026-10-26 - 2026-11-01)",start_date:"N/A",end_date:"N/A"},{schedule:"seg. (2026-11-02 - 2026-11-08)",start_date:"N/A",end_date:"N/A"},{schedule:"seg. (2026-11-09 - 2026-11-15)",start_date:"N/A",end_date:"N/A"},{schedule:"Personalizado - (2026-09-21 - 2026-10-04)",start_date:"2026-09-21",end_date:"2026-10-04"},{schedule:"Personalizado - (2026-10-12 - 2026-11-17)",start_date:"2026-10-12",end_date:"2026-10-25"},{schedule:"seg. (2026-09-21 - 2026-09-27)",start_date:"N/A",end_date:"N/A"},{schedule:"seg. (2026-09-28 - 2026-10-04)",start_date:"N/A",end_date:"N/A"},{schedule:"seg. (2026-10-12 - 2026-10-18)",start_date:"N/A",end_date:"N/A"},{schedule:"seg. (2026-10-19 - 2026-10-25)",start_date:"N/A",end_date:"N/A"},{schedule:"seg. (2026-10-26 - 2026-11-01)",start_date:"N/A",end_date:"N/A"},{schedule:"seg. (2026-11-02 - 2026-11-08)",start_date:"N/A",end_date:"N/A"},{schedule:"seg. (2026-11-09 - 2026-11-15)",start_date:"N/A",end_date:"N/A"},{schedule:"Personalizado - (2026-09-21 - 2026-10-04)",start_date:"2026-09-21",end_date:"2026-10-04"},{schedule:"Personalizado - (2026-10-12 - 2026-11-17)",start_date:"2026-10-12",end_date:"2026-10-25"},{schedule:"seg. (2026-09-21 - 2026-09-27)",start_date:"N/A",end_date:"N/A"},{schedule:"seg. (2026-09-28 - 2026-10-04)",start_date:"N/A",end_date:"N/A"},{schedule:"seg. (2026-10-12 - 2026-10-18)",start_date:"N/A",end_date:"N/A"},{schedule:"seg. (2026-10-19 - 2026-10-25)",start_date:"N/A",end_date:"N/A"},{schedule:"seg. (2026-10-26 - 2026-11-01)",start_date:"N/A",end_date:"N/A"},{schedule:"seg. (2026-11-02 - 2026-11-08)",start_date:"N/A",end_date:"N/A"},{schedule:"seg. (2026-11-09 - 2026-11-15)",start_date:"N/A",end_date:"N/A"},{schedule:"Personalizado - (2026-09-21 - 2026-10-04)",start_date:"2026-09-21",end_date:"2026-10-04"},{schedule:"Personalizado - (2026-10-12 - 2026-11-17)",start_date:"2026-10-12",end_date:"2026-10-25"},{schedule:"seg. (2026-09-21 - 2026-09-27)",start_date:"N/A",end_date:"N/A"},{schedule:"seg. (2026-09-28 - 2026-10-04)",start_date:"N/A",end_date:"N/A"},{schedule:"seg. (2026-10-12 - 2026-10-18)",start_date:"N/A",end_date:"N/A"},{schedule:"seg. (2026-10-19 - 2026-10-25)",start_date:"N/A",end_date:"N/A"},{schedule:"seg. (2026-10-26 - 2026-11-01)",start_date:"N/A",end_date:"N/A"},{schedule:"seg. (2026-11-02 - 2026-11-08)",start_date:"N/A",end_date:"N/A"},{schedule:"seg. (2026-11-09 - 2026-11-15)",start_date:"N/A",end_date:"N/A"},{schedule:"Personalizado - (2026-09-21 - 2026-10-04)",start_date:"2026-09-21",end_date:"2026-10-04"},{schedule:"Personalizado - (2026-10-12 - 2026-11-17)",start_date:"2026-10-12",end_date:"2026-10-25"},{schedule:"seg. (2026-09-21 - 2026-09-27)",start_date:"N/A",end_date:"N/A"},{schedule:"seg. (2026-09-28 - 2026-10-04)",start_date:"N/A",end_date:"N/A"},{schedule:"seg. (2026-10-12 - 2026-10-18)",start_date:"N/A",end_date:"N/A"},{schedule:"seg. (2026-10-19 - 2026-10-25)",start_date:"N/A",end_date:"N/A"},{schedule:"seg. (2026-10-26 - 2026-11-01)",start_date:"N/A",end_date:"N/A"},{schedule:"seg. (2026-11-02 - 2026-11-08)",start_date:"N/A",end_date:"N/A"},{schedule:"seg. (2026-11-09 - 2026-11-15)",start_date:"N/A",end_date:"N/A"},{schedule:"Personalizado - (2026-09-19 - 2026-10-04)",start_date:"2026-09-19",end_date:"2026-10-02"},{schedule:"Personalizado - (2026-10-12 - 2026-11-17)",start_date:"2026-10-12",end_date:"2026-10-25"},{schedule:"seg. (2026-09-21 - 2026-09-27)",start_date:"N/A",end_date:"N/A"},{schedule:"seg. (2026-09-28 - 2026-10-04)",start_date:"N/A",end_date:"N/A"},{schedule:"seg. (2026-10-12 - 2026-10-18)",start_date:"N/A",end_date:"N/A"},{schedule:"seg. (2026-10-19 - 2026-10-25)",start_date:"N/A",end_date:"N/A"},{schedule:"seg. (2026-10-26 - 2026-11-01)",start_date:"N/A",end_date:"N/A"},{schedule:"seg. (2026-11-02 - 2026-11-08)",start_date:"N/A",end_date:"N/A"},{schedule:"seg. (2026-11-09 - 2026-11-15)",start_date:"N/A",end_date:"N/A"},{schedule:"Personalizado - (2026-09-19 - 2026-10-04)",start_date:"2026-09-19",end_date:"2026-10-02"},{schedule:"Personalizado - (2026-10-12 - 2026-11-17)",start_date:"2026-10-12",end_date:"2026-10-25"},{schedule:"seg. (2026-09-21 - 2026-09-27)",start_date:"N/A",end_date:"N/A"},{schedule:"seg. (2026-09-28 - 2026-10-04)",start_date:"N/A",end_date:"N/A"},{schedule:"seg. (2026-10-12 - 2026-10-18)",start_date:"N/A",end_date:"N/A"},{schedule:"seg. (2026-10-19 - 2026-10-25)",start_date:"N/A",end_date:"N/A"},{schedule:"seg. (2026-10-26 - 2026-11-01)",start_date:"N/A",end_date:"N/A"},{schedule:"seg. (2026-11-02 - 2026-11-08)",start_date:"N/A",end_date:"N/A"},{schedule:"seg. (2026-11-09 - 2026-11-15)",start_date:"N/A",end_date:"N/A"},{schedule:"Personalizado - (2026-09-21 - 2026-10-04)",start_date:"2026-09-21",end_date:"2026-10-04"},{schedule:"Personalizado - (2026-10-12 - 2026-11-17)",start_date:"2026-10-12",end_date:"2026-10-25"},{schedule:"seg. (2026-09-21 - 2026-09-27)",start_date:"N/A",end_date:"N/A"},{schedule:"seg. (2026-09-28 - 2026-10-04)",start_date:"N/A",end_date:"N/A"},{schedule:"seg. (2026-10-12 - 2026-10-18)",start_date:"N/A",end_date:"N/A"},{schedule:"seg. (2026-10-19 - 2026-10-25)",start_date:"N/A",end_date:"N/A"},{schedule:"seg. (2026-10-26 - 2026-11-01)",start_date:"N/A",end_date:"N/A"},{schedule:"seg. (2026-11-02 - 2026-11-08)",start_date:"N/A",end_date:"N/A"},{schedule:"seg. (2026-11-09 - 2026-11-15)",start_date:"N/A",end_date:"N/A"},{schedule:"Personalizado - (2026-09-19 - 2026-10-04)",start_date:"2026-09-19",end_date:"2026-10-02"},{schedule:"Personalizado - (2026-10-12 - 2026-11-17)",start_date:"2026-10-12",end_date:"2026-10-25"},{schedule:"seg. (2026-09-21 - 2026-09-27)",start_date:"N/A",end_date:"N/A"},{schedule:"seg. (2026-09-28 - 2026-10-04)",start_date:"N/A",end_date:"N/A"},{schedule:"seg. (2026-10-12 - 2026-10-18)",start_date:"N/A",end_date:"N/A"},{schedule:"seg. (2026-10-19 - 2026-10-25)",start_date:"N/A",end_date:"N/A"},{schedule:"seg. (2026-10-26 - 2026-11-01)",start_date:"N/A",end_date:"N/A"},{schedule:"seg. (2026-11-02 - 2026-11-08)",start_date:"N/A",end_date:"N/A"},{schedule:"seg. (2026-11-09 - 2026-11-15)",start_date:"N/A",end_date:"N/A"},{schedule:"Personalizado - (2026-09-21 - 2026-10-04)",start_date:"2026-09-21",end_date:"2026-10-04"},{schedule:"Personalizado - (2026-10-12 - 2026-11-17)",start_date:"2026-10-12",end_date:"2026-10-25"},{schedule:"seg. (2026-09-21 - 2026-09-27)",start_date:"N/A",end_date:"N/A"},{schedule:"seg. (2026-09-28 - 2026-10-04)",start_date:"N/A",end_date:"N/A"},{schedule:"seg. (2026-10-12 - 2026-10-18)",start_date:"N/A",end_date:"N/A"},{schedule:"seg. (2026-10-19 - 2026-10-25)",start_date:"N/A",end_date:"N/A"},{schedule:"seg. (2026-10-26 - 2026-11-01)",start_date:"N/A",end_date:"N/A"},{schedule:"seg. (2026-11-02 - 2026-11-08)",start_date:"N/A",end_date:"N/A"},{schedule:"seg. (2026-11-09 - 2026-11-15)",start_date:"N/A",end_date:"N/A"}]},transformationConfigVersion:"2.0",bulkDocumentId:"f43077d7-0bc1-4fc3-bbd8-7971b0f430f5",boolean_value:{'Sim,Não':"true",'Não':"false"}}
B2: Instruções: preencha este modelo em INGLÊS. NÃO modifique ou exclua as linhas de cabeçalho. Não use modelos antigos nem faça download de um novo arquivo para obter recomendações atualizadas de ASIN
A3: Detalhes do produto | F3: Brasil (BR)
A4: ASIN parent | B4: ASIN em destaque | C4: ASIN da oferta especial | D4: Nome do produto | E4: Tipo de oferta especial | F4: ID da recomendação | G4: SKU | H4: Participando | I4: Agendamento | J4: Data de início (AAAA-MM-DD) | K4: Data de término (AAAA-MM-DD) | L4: Preço do vendedor (BRL) | M4: Preço da Oferta especial (BRL) | N4: Unidades comprometidas | O4: Quantidade do vendedor | P4: URL da imagem
A5: parent_asin | B5: featured_asin | C5: deal_asin | D5: product_name | E5: deal_type | F5: marketplace_id@A2Q3Y263D00KWC.recommendation_id | G5: marketplace_id@A2Q3Y263D00KWC.sku | H5: marketplace_id@A2Q3Y263D00KWC.participating | I5: marketplace_id@A2Q3Y263D00KWC.schedule | J5: marketplace_id@A2Q3Y263D00KWC.start_date | K5: marketplace_id@A2Q3Y263D00KWC.end_date | L5: marketplace_id@A2Q3Y263D00KWC.seller_price | M5: marketplace_id@A2Q3Y263D00KWC.deal_price | N5: marketplace_id@A2Q3Y263D00KWC.committed_units | O5: marketplace_id@A2Q3Y263D00KWC.seller_quantity | P5: marketplace_id@A2Q3Y263D00KWC.image_url
A6: B0H62YWD84 | B6: B0H62YWD84 | C6: B0H62YWD84 | D6: Lixeira Aro Meia Lua em Aço Inox 25 Litros 24x50 cm Prateada para Uso Interno | E6: Oferta Relâmpago | F6: 0565a690-94bc-4526-82e6-9b7cf4fe97f7 | G6: L2450-AML | H6: Sim | I6: seg. (2026-09-21 - 2026-09-27) | J6: =IFERROR(VLOOKUP(I6,lookup!$A$1:$C$10000,2,FALSE),"NA") -> N/A | K6: =IFERROR(VLOOKUP(I6,lookup!$A$1:$C$10000,3,FALSE),"NA") -> N/A | L6: 259.9 | M6: 182.84 | N6: 761 | O6: 761 | P6: https://m.media-amazon.com/images/I/216MZD3qQZL._SY500_.jpg
A7: B0H4S7ZKXS | B7: B0H4S7ZKXS | C7: B0H4S7ZKXS | D7: Suporte de Chão para Extintor de Incêndio de 4 kg em Aço Inox 16x31 cm Redondo Porta Extintor | E7: Oferta Relâmpago | F7: 056add31-78ca-48de-8724-faee946ae314 | G7: PXP | H7: Sim | I7: seg. (2026-09-21 - 2026-09-27) | J7: =IFERROR(VLOOKUP(I7,lookup!$A$1:$C$10000,2,FALSE),"NA") -> N/A | K7: =IFERROR(VLOOKUP(I7,lookup!$A$1:$C$10000,3,FALSE),"NA") -> N/A | L7: 167.89 | M7: 159.5 | N7: 419 | O7: 419 | P7: https://m.media-amazon.com/images/I/31szo6GhQgL._SY500_.jpg
A8: B0H5MDZQDG | B8: B0H5MDZQDG | C8: B0H5MDZQDG | D8: Porta Guarda-Chuva em Aço Inox 24x60 cm Suporte para Guarda Chuvas Recepção e Escritório | E8: Oferta Relâmpago | F8: 0668192f-a93a-487d-aeb0-d24c7d81df23 | G8: PG2460 | H8: Sim | I8: seg. (2026-09-21 - 2026-09-27) | J8: =IFERROR(VLOOKUP(I8,lookup!$A$1:$C$10000,2,FALSE),"NA") -> N/A | K8: =IFERROR(VLOOKUP(I8,lookup!$A$1:$C$10000,3,FALSE),"NA") -> N/A | L8: 248.75 | M8: 223.88 | N8: 320 | O8: 320 | P8: https://m.media-amazon.com/images/I/31ZWSEN+zkL._SY500_.jpg
A9: B0H4NLBG1Y | B9: B0H4NLBG1Y | C9: B0H4NLBG1Y | D9: Lixeira de Aço Inox com Pedal 50 Litros 30x60 cm Redonda Prateada para Cozinha Escritório | E9: Oferta Relâmpago | F9: 0ad4ab32-5069-421f-86da-3822384717b7 | G9: P3060 | H9: Sim | I9: seg. (2026-09-21 - 2026-09-27) | J9: =IFERROR(VLOOKUP(I9,lookup!$A$1:$C$10000,2,FALSE),"NA") -> N/A | K9: =IFERROR(VLOOKUP(I9,lookup!$A$1:$C$10000,3,FALSE),"NA") -> N/A | L9: 511.42 | M9: 460.28 | N9: 420 | O9: 420 | P9: https://m.media-amazon.com/images/I/31jQoSZbwzL._SY500_.jpg
A10: B0H4S3FHG6 | B10: B0H4S3FHG6 | C10: B0H4S3FHG6 | D10: Suporte de Chão para Extintor de Incêndio de 6 kg em Aço Inox 20x50 cm Porta Extintor Áreas Internas | E10: Melhor oferta | F10: 0f8c5d5b-77c7-4983-885b-8d4e0204e607 | G10: PXM | H10: Sim | I10: Personalizado - (2026-09-21 - 2026-10-04) | J10: =IFERROR(VLOOKUP(I10,lookup!$A$1:$C$10000,2,FALSE),"NA") -> 2026-09-21 | K10: =IFERROR(VLOOKUP(I10,lookup!$A$1:$C$10000,3,FALSE),"NA") -> 2026-10-04 | L10: 203.54 | M10: 193.36 | N10: 422 | O10: 422 | P10: https://m.media-amazon.com/images/I/31L9xqI716L._SY500_.jpg
A11: B0H77661G6 | B11: B0H77661G6 | C11: B0H77661G6 | D11: Lixeira de Aço Inox com Tampa 10 Litros 20x30 cm para Banheiro Cozinha Escritório | E11: Oferta Relâmpago | F11: 1c49bb7c-53c6-45a1-b384-8ee98cb9e716 | G11: L2030-T | H11: Sim | I11: seg. (2026-09-21 - 2026-09-27) | J11: =IFERROR(VLOOKUP(I11,lookup!$A$1:$C$10000,2,FALSE),"NA") -> N/A | K11: =IFERROR(VLOOKUP(I11,lookup!$A$1:$C$10000,3,FALSE),"NA") -> N/A | L11: 143.13 | M11: 128.82 | N11: 519 | O11: 519 | P11: https://m.media-amazon.com/images/I/21y-2KvVNOL._SY500_.jpg
A12: B0H6NM3QBS | B12: B0H6NM3QBS | C12: B0H6NM3QBS | D12: Lixeira Aro Meia Lua em Aço Inox 27 Litros 24x60 centímetros Prateada para Uso Interno | E12: Melhor oferta | F12: 26abf08a-7c9d-4f0d-abf1-f940d11e25fc | G12: L2460-AML | H12: Sim | I12: Personalizado - (2026-09-21 - 2026-10-04) | J12: =IFERROR(VLOOKUP(I12,lookup!$A$1:$C$10000,2,FALSE),"NA") -> 2026-09-21 | K12: =IFERROR(VLOOKUP(I12,lookup!$A$1:$C$10000,3,FALSE),"NA") -> 2026-10-04 | L12: 290.17 | M12: 261.15 | N12: 869 | O12: 869 | P12: https://m.media-amazon.com/images/I/210BE3fX1lL._SY500_.jpg
A13: B0H6365DBF | B13: B0H6365DBF | C13: B0H6365DBF | D13: Lixeira de Aço Inox com Pedal 40 Litros 30x50 cm Redonda para Cozinha Escritório Clínica | E13: Oferta Relâmpago | F13: 29a4c9ca-ec0d-4a3b-8159-d44afa1a0091 | G13: P3050 | H13: Sim | I13: seg. (2026-09-21 - 2026-09-27) | J13: =IFERROR(VLOOKUP(I13,lookup!$A$1:$C$10000,2,FALSE),"NA") -> N/A | K13: =IFERROR(VLOOKUP(I13,lookup!$A$1:$C$10000,3,FALSE),"NA") -> N/A | L13: 467.67 | M13: 420.9 | N13: 441 | O13: 441 | P13: https://m.media-amazon.com/images/I/21Nt4J3-89L._SY500_.jpg
A14: B0H6C5CTSC | B14: B0H6C5CTSC | C14: B0H6C5CTSC | D14: Lixeira de Aço Inox com Tampa 7 Litros 20x25 cm Redonda Prateada para Banheiro e Cozinha | E14: Oferta Relâmpago | F14: 2ce7ff1b-d246-4d87-ba2c-d3b48a3f8e59 | G14: L2025-T | H14: Sim | I14: seg. (2026-09-21 - 2026-09-27) | J14: =IFERROR(VLOOKUP(I14,lookup!$A$1:$C$10000,2,FALSE),"NA") -> N/A | K14: =IFERROR(VLOOKUP(I14,lookup!$A$1:$C$10000,3,FALSE),"NA") -> N/A | L14: 132.9 | M14: 119.61 | N14: 555 | O14: 555 | P14: https://m.media-amazon.com/images/I/31iNT3GiS2L._SY500_.jpg
A15: B0H4WLDNYD | B15: B0H4WLDNYD | C15: B0H4WLDNYD | D15: Ensacador de Guarda-Chuva em Aço Inox com 150 Saquinhos Plásticos para Uso Interno | E15: Melhor oferta | F15: 32aa0728-c606-4021-ad84-94d341c59677 | G15: EGC | H15: Sim | I15: Personalizado - (2026-09-21 - 2026-10-04) | J15: =IFERROR(VLOOKUP(I15,lookup!$A$1:$C$10000,2,FALSE),"NA") -> 2026-09-21 | K15: =IFERROR(VLOOKUP(I15,lookup!$A$1:$C$10000,3,FALSE),"NA") -> 2026-10-04 | L15: 674.62 | M15: 607.16 | N15: 400 | O15: 400 | P15: https://m.media-amazon.com/images/I/21CFp3GBVTL._SY500_.jpg
A16: B0H6KY3BZD | B16: B0H6KY3BZD | C16: B0H6KY3BZD | D16: Lixeira Basculante em Aço Inox Redonda 15 Litros 24x30 cm Vai e Vem para Uso Interno | E16: Oferta Relâmpago | F16: 35056f5e-678a-423d-ba29-e64089f6f230 | G16: L2430-B | H16: Sim | I16: seg. (2026-09-21 - 2026-09-27) | J16: =IFERROR(VLOOKUP(I16,lookup!$A$1:$C$10000,2,FALSE),"NA") -> N/A | K16: =IFERROR(VLOOKUP(I16,lookup!$A$1:$C$10000,3,FALSE),"NA") -> N/A | L16: 198.03 | M16: 178.23 | N16: 650 | O16: 650 | P16: https://m.media-amazon.com/images/I/31BC7iEz6kL._SY500_.jpg
A17: B0H5MDZQDG | B17: B0H5MDZQDG | C17: B0H5MDZQDG | D17: Porta Guarda-Chuva em Aço Inox 24x60 cm Suporte para Guarda Chuvas Recepção e Escritório | E17: Melhor oferta | F17: 425bde2b-2a30-483a-a8ad-9410df1ca940 | G17: PG2460 | H17: Sim | I17: Personalizado - (2026-09-21 - 2026-10-04) | J17: =IFERROR(VLOOKUP(I17,lookup!$A$1:$C$10000,2,FALSE),"NA") -> 2026-09-21 | K17: =IFERROR(VLOOKUP(I17,lookup!$A$1:$C$10000,3,FALSE),"NA") -> 2026-10-04 | L17: 248.75 | M17: 223.88 | N17: 320 | O17: 320 | P17: https://m.media-amazon.com/images/I/31ZWSEN+zkL._SY500_.jpg
... A47: B0H63FKGPJ | B47: B0H63FKGPJ | C47: B0H63FKGPJ | D47: Lixeira Inox 60 Litros com Tampa Pedal 30x70 centímetros Redonda Aço Inox 430 Polido | E47: Melhor oferta | F47: feb02d29-6cec-4a23-b42f-e2191e0dab07 | G47: P3070 | H47: Sim | I47: Personalizado - (2026-09-19 - 2026-10-04) | J47: =IFERROR(VLOOKUP(I47,lookup!$A$1:$C$10000,2,FALSE),"NA") -> 2026-09-19 | K47: =IFERROR(VLOOKUP(I47,lookup!$A$1:$C$10000,3,FALSE),"NA") -> 2026-10-02 | L47: 616.18 | M47: 554.56 | N47: 904 | O47: 904 | P47: https://m.media-amazon.com/images/I/316HeuzJT1L._SY500_.jpg

Sheet ValidationDataSheet
A1: Sim | B1: seg. (2026-09-21 - 2026-09-27) | C1: seg. (2026-09-21 - 2026-09-27) | D1: Personalizado - (2026-09-21 - 2026-10-04) | E1: Personalizado - (2026-09-19 - 2026-10-04) | F1: Personalizado - (2026-09-21 - 2026-10-04) | G1: Personalizado - (2026-09-19 - 2026-10-04)
A2: Não | B2: seg. (2026-09-28 - 2026-10-04) | C2: seg. (2026-09-28 - 2026-10-04) | D2: Personalizado - (2026-10-12 - 2026-11-17) | E2: Personalizado - (2026-10-12 - 2026-11-17) | F2: Personalizado - (2026-10-12 - 2026-11-17) | G2: Personalizado - (2026-10-12 - 2026-11-17)
B3: seg. (2026-10-12 - 2026-10-18) | C3: Mega Ofertas Prime Day (2026-10-05 - 2026-10-11) | F3: Mega Ofertas Prime Day (2026-10-05 - 2026-10-11) | G3: Mega Ofertas Prime Day (2026-10-05 - 2026-10-11)
B4: seg. (2026-10-19 - 2026-10-25) | C4: seg. (2026-10-12 - 2026-10-18) | F4: Black Friday e Cyber Monday (2026-11-19 - 2026-11-30) | G4: Black Friday e Cyber Monday (2026-11-19 - 2026-11-30)
B5: seg. (2026-10-26 - 2026-11-01) | C5: seg. (2026-10-19 - 2026-10-25)
B6: seg. (2026-11-02 - 2026-11-08) | C6: seg. (2026-10-26 - 2026-11-01)
B7: seg. (2026-11-09 - 2026-11-15) | C7: seg. (2026-11-02 - 2026-11-08)
C8: seg. (2026-11-09 - 2026-11-15)
C9: Black Friday e Cyber Monday (2026-11-19 - 2026-11-30)

Sheet lookup
A1: schedule | B1: start_date | C1: end_date
A2: Personalizado - (2026-09-21 - 2026-10-04) | B2: 2026-09-21 | C2: 2026-10-04
A3: Personalizado - (2026-10-12 - 2026-11-17) | B3: 2026-10-12 | C3: 2026-10-25
A4: Mega Ofertas Prime Day (2026-10-05 - 2026-10-11) | B4: N/A | C4: N/A
A5: Black Friday e Cyber Monday (2026-11-19 - 2026-11-30) | B5: N/A | C5: N/A
A6: seg. (2026-09-21 - 2026-09-27) | B6: N/A | C6: N/A
A7: seg. (2026-09-28 - 2026-10-04) | B7: N/A | C7: N/A
A8: Mega Ofertas Prime Day (2026-10-05 - 2026-10-11) | B8: N/A | C8: N/A
A9: seg. (2026-10-12 - 2026-10-18) | B9: N/A | C9: N/A
A10: seg. (2026-10-19 - 2026-10-25) | B10: N/A | C10: N/A
A11: seg. (2026-10-26 - 2026-11-01) | B11: N/A | C11: N/A
A12: seg. (2026-11-02 - 2026-11-08) | B12: N/A | C12: N/A
... A202: seg. (2026-11-09 - 2026-11-15) | B202: N/A | C202: N/A
