Workbook

Sheet LEIA-ME
A1: Plano Black Winnet 2026 — Casas Bahia e MadeiraMadeira
A2: Fonte do plano: PDF do marketing 'Liberação das promoções – Black Winnet 2026 – Marketplaces' (01 a 30/11/2026).
A3: Escopo: Casas Bahia (loja Bling 204709402) e MadeiraMadeira (loja Bling 204859112). Amazon e Mercado Livre ficam fora; site próprio segue outra estratégia.
A5: COMO USAR
A6: 1. Aba SKUs: preencha as colunas amarelas com o preço ATUAL de cada canal (o preço que o cliente vê hoje). Deixe em branco se o SKU não estiver anunciado no canal.
A7: 2. Aba Agenda: o preço promocional é calculado sozinho (preço atual × (1 − desconto)), arredondado para centavos. Uma linha = um agendamento por SKU e janela.
A8: 3. Ao lançar no painel (ou no Bling), marque 'SIM' em Lançado. No dia de início, confira o anúncio e marque 'SIM' em Conferido.
A9: 4. Sempre lance com data/hora de início e FIM — o desconto precisa desligar sozinho (regra do marketing).
A11: ATENÇÃO
A12: • O preço base do Bling NÃO é o preço praticado nos canais (ex.: P4070 base R$ 968,18 × vendido R$ 687,82 na Casas Bahia). Use sempre o preço atual do canal.
A13: • Se o preço do canal vem do Bling (vínculo multiloja), a promoção tem de ser lançada no Bling; mudar só no painel do canal será sobrescrito na próxima sincronização.
A14: • Não subir o preço antes de 01/11 — o canal compara com o histórico e o desconto pode ser recusado ou configurar propaganda enganosa.
... A18: • Preços base do Bling lidos em 20/10/2026, só como referência.

Sheet Calendário
A1: Grupo | B1: 01–08/11 | C1: 09–15/11 | D1: 16–22/11 | E1: 23–26/11 | F1: 27/11 | G1: 28–30/11 | H1: Nº SKUs
A2: Curva C | B2: 4% | C2: — | D2: — | E2: 7% | F2: 10% | G2: 7% | H2: 4
A3: Curva B | B3: — | C3: 4% | D3: — | E3: 6% | F3: 8% | G3: 6% | H3: 13
A4: Curva A | B4: — | C4: — | D4: 2% | E4: 3% | F4: 5% | G4: 3% | H4: 13
A5: Lixeira Embutir | B5: 8% | C5: 8% | D5: 8% | E5: 10% | F5: 15% | G5: 10% | H5: 3
A7: Embutir: os 8% de 01 a 22/11 podem ser um único agendamento contínuo. Curva C volta ao preço cheio entre 09 e 22/11.

Sheet SKUs
A1: SKU (Bling) | B1: Produto (nome no Bling) | C1: Código no PDF | D1: Curva | E1: Preço base Bling (ref.) | F1: Preço atual Casas Bahia | G1: Preço atual MadeiraMadeira | H1: Observação
A2: PL-SD | B2: Placa Sinalizadora em Aço inox 'Piso Molhado' | C2: PL-SD | D2: C | E2: 450.69
A3: PQ-4070 | B3: Lixeira Quadrada Pedal 100L de Aço Inox | C3: PQ-4070 | D3: C | E3: 1569.24
A4: L4070-B | B4: Lixeira em Aço Inox 88L Basculante Redonda | C4: L4070-B | D4: C | E4: 766.5
A5: L3060-CP | B5: Lixeira Coletor de pilhas e baterias 40L | C5: L3060-CP | D5: C | E5: 369.64
A6: P3060RA | B6: Lixeira em Aço Inox 50L Pedal, Rodízio e Alça | C6: P3060RA | D6: B | E6: 810.93
A7: P4080RA | B7: Lixeira Pedal, Rodízio e Alça 100L de Aço Inox | C7: P4080RA | D7: B | E7: 1603.79
A8: EGC | B8: Embalador de guarda-chuvas com 150 saquinhos | C8: EGC | D8: B | E8: 630.57
A9: P4070 | B9: Lixeira em Aço Inox 80L Pedal Redonda | C9: P4070 | D9: B | E9: 968.18
A10: L2440-B | B10: Lixeira em Aço Inox 20L Basculante Redonda | C10: L2440-B | D10: B | E10: 260.29
A11: L2430-B | B11: Lixeira em Aço Inox 15L Basculante Redonda | C11: L2430-B | D11: B | E11: 199.46
A12: L2430-A | B12: Lixeira em Aço Inox 15L Aro Redonda | C12: L2430-A | D12: B | E12: 163.71
A13: L2450-A | B13: Lixeira em Aço inox 25L Aro Redonda | C13: L2450-A | D13: B | E13: 233.84
A14: P2025 | B14: Lixeira em Aço Inox 07L Pedal Redonda | C14: P2025 | D14: B | E14: 194.2
A15: SP-F | B15: Bituqueira de Cigarro Space Fixa | C15: SP - F | D15: B | E15: 430.23 | H15: PDF usa 'SP - F'
A16: SP-T | B16: Bituqueira de Cigarros Space Torre | C16: SP - T | D16: B | E16: 442.17 | H16: PDF usa 'SP - T'
A17: PG3070 | B17: Porta guarda chuva 30x70 | C17: PG3070 | D17: B | E17: 350.96
A18: PQ-3060 | B18: Lixeira Quadrada Pedal 50L de Aço Inox | C18: PQ3060 | D18: B | E18: 700 | H18: PDF usa 'PQ3060'
A19: PXP | B19: Suporte Porta Extintor Pequeno de Aço Inox | C19: PXP | D19: A | E19: 171.93
A20: PXM | B20: Suporte Porta Extintor Grande de Aço Inox | C20: PXM | D20: A | E20: 193.98 | H20: PDF: 'médio'; Bling: 'Grande' — confirmar
A21: SP-01 | B21: Bituqueira de Cigarro Space | C21: SP-01 | D21: A | E21: 472.68
A22: P3060 | B22: Lixeira em Aço Inox 50L Pedal Redonda | C22: P3060 | D22: A | E22: 520.31
A23: P4080 | B23: Lixeira em Aço Inox 100L Pedal Redonda | C23: P4080 | D23: A | E23: 1180.54
A24: P3070 | B24: Lixeira em Aço Inox 60L Pedal Redonda | C24: P3070 | D24: A | E24: 659.92
A25: P2440 | B25: Lixeira em Aço Inox 20L Pedal Redonda | C25: P2440 | D25: A | E25: 286.84
A26: L2470-CZ | B26: Lixeira Cinzeiro 30L em Aço Inox | C26: L2470-CZ | D26: A | E26: 263.5
A27: L2440-AML | B27: Lixeira de Inox 20L com Aro Meia Lua | C27: AML-2440 | D27: A | E27: 200.9 | H27: PDF usa 'AML-2440'
A28: L2460-AML | B28: Lixeira de Inox 27L com Aro Meia Lua | C28: AML-2460 | D28: A | E28: 260.98 | H28: PDF usa 'AML-2460'
A29: L3060-AML | B29: Lixeira de Inox 40L com Aro Meia Lua | C29: AML-3060 | D29: A | E29: 435.76 | H29: PDF usa 'AML-3060'
A30: Q3060-B | B30: Lixeira em Aço Inox 50L Basculante Quadrada | C30: L3060-BQ | D30: A | E30: 559.81 | H30: PDF usa 'L3060-BQ'
A31: L2025-T | B31: Lixeira em Aço Inox 07L com Tampa | C31: L2025-T | D31: A | E31: 132.78
A32: EMB-03 | B32: Lixeira Embutir 03L de Pia em Aço Inox | C32: Lixeira Embutir | D32: Queima | E32: 192.84
A33: EMB-05 | B33: Lixeira de Embutir Pia 05L em Aço inox | C33: Lixeira Embutir | D33: Queima | E33: 278.47
A34: EMB-08 | B34: Lixeira Embutir 08L de Pia em Aço Inox | C34: Lixeira Embutir | D34: Queima | E34: 360.12

Sheet Agenda
A1: Janela | B1: Início | C1: Fim | D1: SKU (Bling) | E1: Curva | F1: Desconto | G1: Preço atual CB | H1: Preço promo CB | I1: Lançado CB | J1: Conferido CB | K1: Preço atual MM | L1: Preço promo MM | M1: Lançado MM | N1: Conferido MM
A2: Semana 1 | B2: 46327 | C2: 46334 | D2: PL-SD | E2: C | F2: 0.04 | G2: =IFERROR(IF(VLOOKUP(D2,SKUs!$A$2:$G$34,6,FALSE)="","",VLOOKUP(D2,SKUs!$A$2:$G$34,6,FALSE)),"") | H2: =IF(G2="","",ROUND(G2*(1-F2),2)) | K2: =IFERROR(IF(VLOOKUP(D2,SKUs!$A$2:$G$34,7,FALSE)="","",VLOOKUP(D2,SKUs!$A$2:$G$34,7,FALSE)),"") | L2: =IF(K2="","",ROUND(K2*(1-F2),2))
A3: Semana 1 | B3: 46327 | C3: 46334 | D3: PQ-4070 | E3: C | F3: 0.04 | G3: =IFERROR(IF(VLOOKUP(D3,SKUs!$A$2:$G$34,6,FALSE)="","",VLOOKUP(D3,SKUs!$A$2:$G$34,6,FALSE)),"") | H3: =IF(G3="","",ROUND(G3*(1-F3),2)) | K3: =IFERROR(IF(VLOOKUP(D3,SKUs!$A$2:$G$34,7,FALSE)="","",VLOOKUP(D3,SKUs!$A$2:$G$34,7,FALSE)),"") | L3: =IF(K3="","",ROUND(K3*(1-F3),2))
A4: Semana 1 | B4: 46327 | C4: 46334 | D4: L4070-B | E4: C | F4: 0.04 | G4: =IFERROR(IF(VLOOKUP(D4,SKUs!$A$2:$G$34,6,FALSE)="","",VLOOKUP(D4,SKUs!$A$2:$G$34,6,FALSE)),"") | H4: =IF(G4="","",ROUND(G4*(1-F4),2)) | K4: =IFERROR(IF(VLOOKUP(D4,SKUs!$A$2:$G$34,7,FALSE)="","",VLOOKUP(D4,SKUs!$A$2:$G$34,7,FALSE)),"") | L4: =IF(K4="","",ROUND(K4*(1-F4),2))
A5: Semana 1 | B5: 46327 | C5: 46334 | D5: L3060-CP | E5: C | F5: 0.04 | G5: =IFERROR(IF(VLOOKUP(D5,SKUs!$A$2:$G$34,6,FALSE)="","",VLOOKUP(D5,SKUs!$A$2:$G$34,6,FALSE)),"") | H5: =IF(G5="","",ROUND(G5*(1-F5),2)) | K5: =IFERROR(IF(VLOOKUP(D5,SKUs!$A$2:$G$34,7,FALSE)="","",VLOOKUP(D5,SKUs!$A$2:$G$34,7,FALSE)),"") | L5: =IF(K5="","",ROUND(K5*(1-F5),2))
A6: Semana 2 | B6: 46335 | C6: 46341 | D6: P3060RA | E6: B | F6: 0.04 | G6: =IFERROR(IF(VLOOKUP(D6,SKUs!$A$2:$G$34,6,FALSE)="","",VLOOKUP(D6,SKUs!$A$2:$G$34,6,FALSE)),"") | H6: =IF(G6="","",ROUND(G6*(1-F6),2)) | K6: =IFERROR(IF(VLOOKUP(D6,SKUs!$A$2:$G$34,7,FALSE)="","",VLOOKUP(D6,SKUs!$A$2:$G$34,7,FALSE)),"") | L6: =IF(K6="","",ROUND(K6*(1-F6),2))
A7: Semana 2 | B7: 46335 | C7: 46341 | D7: P4080RA | E7: B | F7: 0.04 | G7: =IFERROR(IF(VLOOKUP(D7,SKUs!$A$2:$G$34,6,FALSE)="","",VLOOKUP(D7,SKUs!$A$2:$G$34,6,FALSE)),"") | H7: =IF(G7="","",ROUND(G7*(1-F7),2)) | K7: =IFERROR(IF(VLOOKUP(D7,SKUs!$A$2:$G$34,7,FALSE)="","",VLOOKUP(D7,SKUs!$A$2:$G$34,7,FALSE)),"") | L7: =IF(K7="","",ROUND(K7*(1-F7),2))
A8: Semana 2 | B8: 46335 | C8: 46341 | D8: EGC | E8: B | F8: 0.04 | G8: =IFERROR(IF(VLOOKUP(D8,SKUs!$A$2:$G$34,6,FALSE)="","",VLOOKUP(D8,SKUs!$A$2:$G$34,6,FALSE)),"") | H8: =IF(G8="","",ROUND(G8*(1-F8),2)) | K8: =IFERROR(IF(VLOOKUP(D8,SKUs!$A$2:$G$34,7,FALSE)="","",VLOOKUP(D8,SKUs!$A$2:$G$34,7,FALSE)),"") | L8: =IF(K8="","",ROUND(K8*(1-F8),2))
A9: Semana 2 | B9: 46335 | C9: 46341 | D9: P4070 | E9: B | F9: 0.04 | G9: =IFERROR(IF(VLOOKUP(D9,SKUs!$A$2:$G$34,6,FALSE)="","",VLOOKUP(D9,SKUs!$A$2:$G$34,6,FALSE)),"") | H9: =IF(G9="","",ROUND(G9*(1-F9),2)) | K9: =IFERROR(IF(VLOOKUP(D9,SKUs!$A$2:$G$34,7,FALSE)="","",VLOOKUP(D9,SKUs!$A$2:$G$34,7,FALSE)),"") | L9: =IF(K9="","",ROUND(K9*(1-F9),2))
A10: Semana 2 | B10: 46335 | C10: 46341 | D10: L2440-B | E10: B | F10: 0.04 | G10: =IFERROR(IF(VLOOKUP(D10,SKUs!$A$2:$G$34,6,FALSE)="","",VLOOKUP(D10,SKUs!$A$2:$G$34,6,FALSE)),"") | H10: =IF(G10="","",ROUND(G10*(1-F10),2)) | K10: =IFERROR(IF(VLOOKUP(D10,SKUs!$A$2:$G$34,7,FALSE)="","",VLOOKUP(D10,SKUs!$A$2:$G$34,7,FALSE)),"") | L10: =IF(K10="","",ROUND(K10*(1-F10),2))
A11: Semana 2 | B11: 46335 | C11: 46341 | D11: L2430-B | E11: B | F11: 0.04 | G11: =IFERROR(IF(VLOOKUP(D11,SKUs!$A$2:$G$34,6,FALSE)="","",VLOOKUP(D11,SKUs!$A$2:$G$34,6,FALSE)),"") | H11: =IF(G11="","",ROUND(G11*(1-F11),2)) | K11: =IFERROR(IF(VLOOKUP(D11,SKUs!$A$2:$G$34,7,FALSE)="","",VLOOKUP(D11,SKUs!$A$2:$G$34,7,FALSE)),"") | L11: =IF(K11="","",ROUND(K11*(1-F11),2))
A12: Semana 2 | B12: 46335 | C12: 46341 | D12: L2430-A | E12: B | F12: 0.04 | G12: =IFERROR(IF(VLOOKUP(D12,SKUs!$A$2:$G$34,6,FALSE)="","",VLOOKUP(D12,SKUs!$A$2:$G$34,6,FALSE)),"") | H12: =IF(G12="","",ROUND(G12*(1-F12),2)) | K12: =IFERROR(IF(VLOOKUP(D12,SKUs!$A$2:$G$34,7,FALSE)="","",VLOOKUP(D12,SKUs!$A$2:$G$34,7,FALSE)),"") | L12: =IF(K12="","",ROUND(K12*(1-F12),2))
A13: Semana 2 | B13: 46335 | C13: 46341 | D13: L2450-A | E13: B | F13: 0.04 | G13: =IFERROR(IF(VLOOKUP(D13,SKUs!$A$2:$G$34,6,FALSE)="","",VLOOKUP(D13,SKUs!$A$2:$G$34,6,FALSE)),"") | H13: =IF(G13="","",ROUND(G13*(1-F13),2)) | K13: =IFERROR(IF(VLOOKUP(D13,SKUs!$A$2:$G$34,7,FALSE)="","",VLOOKUP(D13,SKUs!$A$2:$G$34,7,FALSE)),"") | L13: =IF(K13="","",ROUND(K13*(1-F13),2))
... A133: Pós-Black | B133: 46354 | C133: 46356 | D133: EMB-08 | E133: Queima | F133: 0.1 | G133: =IFERROR(IF(VLOOKUP(D133,SKUs!$A$2:$G$34,6,FALSE)="","",VLOOKUP(D133,SKUs!$A$2:$G$34,6,FALSE)),"") | H133: =IF(G133="","",ROUND(G133*(1-F133),2)) | K133: =IFERROR(IF(VLOOKUP(D133,SKUs!$A$2:$G$34,7,FALSE)="","",VLOOKUP(D133,SKUs!$A$2:$G$34,7,FALSE)),"") | L133: =IF(K133="","",ROUND(K133*(1-F133),2))
